[
    {
      "id": 1,
      "name": "Apple iPhone 14",
      "description": "6.1-inch Super Retina XDR display, A15 Bionic chip, Ceramic Shield front cover, 5G capable, Dual 12MP camera system",
      "price": 799,
      "imageUrl": "https://rukminim2.flixcart.com/image/312/312/ktketu80/mobile/s/l/c/iphone-13-mlpf3hn-a-apple-original-imag6vzz5qvejz8z.jpeg?q=70"
    },

    {
      "id": 2,
      "name": "Apple iPhone 14",
      "description": "6.1-inch Super Retina XDR display, A15 Bionic chip, Ceramic Shield front cover, 5G capable, Dual 12MP camera system",
      "price": 799,
      "imageUrl": "https://rukminim2.flixcart.com/image/312/312/ktketu80/mobile/6/n/d/iphone-13-mlpg3hn-a-apple-original-imag6vpyghayhhrh.jpeg?q=70"
    },

    {
      "id": 3,
      "name": "Apple iPhone 14",
      "description": "6.1-inch Super Retina XDR display, A15 Bionic chip, Ceramic Shield front cover, 5G capable, Dual 12MP camera system",
      "price": 799,
      "imageUrl": "https://rukminim2.flixcart.com/image/312/312/ktketu80/mobile/8/z/w/iphone-13-mlph3hn-a-apple-original-imag6vzzhrxgazsg.jpeg?q=70"
    },

    {
      "id": 4,
      "name": "Apple iPhone 13",
      "description": "6.1-inch Super Retina XDR display, A15 Bionic chip, Ceramic Shield front cover, 5G capable, Dual 12MP camera system",
      "price": 799,
      "imageUrl": "https://rukminim2.flixcart.com/image/312/312/ktketu80/mobile/2/y/o/iphone-13-mlpk3hn-a-apple-original-imag6vpyur6hjngg.jpeg?q=70"
    },

    {
      "id": 5,
      "name": "Apple iPhone 13",
      "description": "6.1-inch Super Retina XDR display, A15 Bionic chip, Ceramic Shield front cover, 5G capable, Dual 12MP camera system",
      "price": 799,
      "imageUrl": "https://rukminim2.flixcart.com/image/312/312/l0igvww0/mobile/r/q/m/-original-imagca5ajerqpfjy.jpeg?q=70"
    },
    {
      "id": 5,
      "name": "Apple iPhone 13",
      "description": "6.1-inch Super Retina XDR display, A15 Bionic chip, Ceramic Shield front cover, 5G capable, Dual 12MP camera system",
      "price": 799,
      "imageUrl": "https://rukminim2.flixcart.com/image/312/312/xif0q/mobile/3/5/l/-original-imaghx9qmgqsk9s4.jpeg?q=70"
    }

]