[
  {
    "id": 1,
    "name": "Apple iPhone 14",
    "description": "6.1-inch Super Retina XDR display, A15 Bionic chip, Ceramic Shield front cover, 5G capable, Dual 12MP camera system",
    "price": 799,
    "imageUrl": "https://rukminim2.flixcart.com/image/312/312/ktketu80/mobile/s/l/c/iphone-13-mlpf3hn-a-apple-original-imag6vzz5qvejz8z.jpeg?q=70"
  },
  {
    "id": 2,
    "name": "Apple iPhone 14",
    "description": "6.1-inch Super Retina XDR display, A15 Bionic chip, Ceramic Shield front cover, 5G capable, Dual 12MP camera system",
    "price": 799,
    "imageUrl": "https://rukminim2.flixcart.com/image/312/312/ktketu80/mobile/6/n/d/iphone-13-mlpg3hn-a-apple-original-imag6vpyghayhhrh.jpeg?q=70"
  },
  {
    "id": 3,
    "name": "Apple iPhone 14",
    "description": "6.1-inch Super Retina XDR display, A15 Bionic chip, Ceramic Shield front cover, 5G capable, Dual 12MP camera system",
    "price": 799,
    "imageUrl": "https://rukminim2.flixcart.com/image/312/312/ktketu80/mobile/8/z/w/iphone-13-mlph3hn-a-apple-original-imag6vzzhrxgazsg.jpeg?q=70"
  },
  {
    "id": 4,
    "name": "Apple iPhone 13",
    "description": "6.1-inch Super Retina XDR display, A15 Bionic chip, Ceramic Shield front cover, 5G capable, Dual 12MP camera system",
    "price": 799,
    "imageUrl": "https://rukminim2.flixcart.com/image/312/312/ktketu80/mobile/2/y/o/iphone-13-mlpk3hn-a-apple-original-imag6vpyur6hjngg.jpeg?q=70"
  },
  {
    "id": 5,
    "name": "Apple iPhone 13",
    "description": "6.1-inch Super Retina XDR display, A15 Bionic chip, Ceramic Shield front cover, 5G capable, Dual 12MP camera system",
    "price": 799,
    "imageUrl": "https://rukminim2.flixcart.com/image/312/312/l0igvww0/mobile/r/q/m/-original-imagca5ajerqpfjy.jpeg?q=70"
  },
  {
    "id": 5,
    "name": "Apple iPhone 13",
    "description": "6.1-inch Super Retina XDR display, A15 Bionic chip, Ceramic Shield front cover, 5G capable, Dual 12MP camera system",
    "price": 799,
    "imageUrl": "https://rukminim2.flixcart.com/image/312/312/xif0q/mobile/3/5/l/-original-imaghx9qmgqsk9s4.jpeg?q=70"
  },
  {
    "id": 3,
    "name": "Sony WH-1000XM4",
    "description": "Wireless over-ear headphones, Noise-canceling, Up to 30 hours of battery life, Built-in microphone",
    "price": 349,
    "imageUrl": "https://example.com/wh1000xm4.jpg"
  },
  {
    "id": 4,
    "name": "Dell XPS 13",
    "description": "13.4-inch 4K UHD InfinityEdge Touchscreen Laptop, 11th Gen Intel Core i7, 16GB RAM, 512GB SSD",
    "price": 1199,
    "imageUrl": "https://example.com/dellxps13.jpg"
  },
  {
    "id": 5,
    "name": "Apple iPad Pro",
    "description": "11-inch Liquid Retina display, M1 chip, 256GB storage, Wi-Fi + Cellular, Apple Pencil support",
    "price": 899,
    "imageUrl": "https://example.com/ipadpro.jpg"
  },
  {
    "id": 6,
    "name": "Canon EOS R6",
    "description": "Mirrorless camera, 20.1MP full-frame sensor, 4K video recording, In-body image stabilization",
    "price": 2399,
    "imageUrl": "https://example.com/eosr6.jpg"
  },
  {
    "id": 7,
    "name": "Samsung 49-inch QLED Gaming Monitor",
    "description": "Curved 32:9 ultrawide display, 1440p resolution, 240Hz refresh rate, G-Sync/FreeSync support",
    "price": 999,
    "imageUrl": "https://example.com/samsunggamingmonitor.jpg"
  },
  {
    "id": 8,
    "name": "Bose SoundLink Revolve+",
    "description": "Portable Bluetooth speaker, 360-degree sound, Up to 16 hours of playtime, Water-resistant",
    "price": 299,
    "imageUrl": "https://example.com/bose_soundlink.jpg"
  },
  {
    "id": 9,
    "name": "LG OLED C1",
    "description": "55-inch 4K OLED TV, HDMI 2.1 ports, Dolby Vision, webOS smart platform",
    "price": 1499,
    "imageUrl": "https://example.com/lg_oledc1.jpg"
  },
  {
    "id": 10,
    "name": "Nintendo Switch OLED",
    "description": "Handheld gaming console, 7-inch OLED display, Improved audio, Dockable to TV",
    "price": 349,
    "imageUrl": "https://example.com/nintendoswitcholed.jpg"
  },
  {
    "id": 11,
    "name": "Beats Studio Buds",
    "description": "Wireless in-ear earphones, Active noise canceling, Transparency mode, Up to 8 hours battery life",
    "price": 149,
    "imageUrl": "https://example.com/beatsstudiobuds.jpg"
  },
  {
    "id": 12,
    "name": "Logitech MX Master 3",
    "description": "Wireless ergonomic mouse, MagSpeed scroll wheel, Customizable buttons, USB-C rechargeable",
    "price": 99,
    "imageUrl": "https://example.com/logitech_mxmaster3.jpg"
  },

  {
    "id": "1",
    "name": "Smartphone",
    "description": "A powerful smartphone with a high-resolution display and advanced features.",
    "price": 499.99,
    "imgUrl": "https://example.com/images/smartphone.jpg"
  },
  {
    "id": "2",
    "name": "Laptop",
    "description": "A sleek and powerful laptop for your computing needs.",
    "price": 899.00,
    "imgUrl": "https://example.com/images/laptop.jpg"
  },
  {
    "id": "3",
    "name": "Wireless Earbuds",
    "description": "High-quality wireless earbuds with noise-canceling technology.",
    "price": 149.95,
    "imgUrl": "https://example.com/images/earbuds.jpg"
  },
  {
    "id": "4",
    "name": "Smart Watch",
    "description": "A stylish and feature-rich smartwatch to keep you connected.",
    "price": 199.99,
    "imgUrl": "https://example.com/images/smartwatch.jpg"
  },
  {
    "id": "5",
    "name": "Gaming Console",
    "description": "The latest gaming console with cutting-edge graphics and performance.",
    "price": 399.00,
    "imgUrl": "https://example.com/images/gaming_console.jpg"
  },
  {
    "id": "6",
    "name": "Fitness Tracker",
    "description": "Track your fitness goals with this advanced fitness tracker.",
    "price": 79.99,
    "imgUrl": "https://example.com/images/fitness_tracker.jpg"
  },
  {
    "id": "7",
    "name": "Bluetooth Speaker",
    "description": "Enjoy high-quality audio with this portable Bluetooth speaker.",
    "price": 59.95,
    "imgUrl": "https://example.com/images/bluetooth_speaker.jpg"
  },
  {
    "id": "8",
    "name": "Digital Camera",
    "description": "Capture stunning photos and videos with this digital camera.",
    "price": 549.00,
    "imgUrl": "https://example.com/images/digital_camera.jpg"
  },
  {
    "id": "9",
    "name": "Headphones",
    "description": "Immerse yourself in your favorite music with these comfortable headphones.",
    "price": 129.00,
    "imgUrl": "https://example.com/images/headphones.jpg"
  },
  {
    "id": "10",
    "name": "Tablet",
    "description": "A lightweight and powerful tablet for work and entertainment.",
    "price": 349.99,
    "imgUrl": "https://example.com/images/tablet.jpg"
  },
  {
    "id": "11",
    "name": "Smart TV",
    "description": "Experience stunning visuals and smart features with this smart TV.",
    "price": 799.00,
    "imgUrl": "https://example.com/images/smart_tv.jpg"
  },
  {
    "id": "12",
    "name": "Wireless Mouse",
    "description": "Navigate your computer effortlessly with this wireless mouse.",
    "price": 29.95,
    "imgUrl": "https://example.com/images/wireless_mouse.jpg"
  },
  {
    "id": "13",
    "name": "Portable Hard Drive",
    "description": "Store your files securely with this portable hard drive.",
    "price": 89.99,
    "imgUrl": "https://example.com/images/portable_hard_drive.jpg"
  },
  {
    "id": "14",
    "name": "Coffee Maker",
    "description": "Brew your favorite coffee with this easy-to-use coffee maker.",
    "price": 49.99,
    "imgUrl": "https://example.com/images/coffee_maker.jpg"
  },
  {
    "id": "15",
    "name": "Wireless Keyboard",
    "description": "Type comfortably with this wireless keyboard.",
    "price": 39.95,
    "imgUrl": "https://example.com/images/wireless_keyboard.jpg"
  },
  {
    "id": "16",
    "name": "Robot Vacuum",
    "description": "Keep your home clean with this smart robot vacuum.",
    "price": 299.00,
    "imgUrl": "https://example.com/images/robot_vacuum.jpg"
  },
  {
    "id": "17",
    "name": "Electric Shaver",
    "description": "Get a smooth shave with this high-performance electric shaver.",
    "price": 79.95,
    "imgUrl": "https://example.com/images/electric_shaver.jpg"
  },
  {
    "id": "18",
    "name": "Smart Thermostat",
    "description": "Control your home's temperature with this smart thermostat.",
    "price": 129.00,
    "imgUrl": "https://example.com/images/smart_thermostat.jpg"
  },
  {
    "id": "19",
    "name": "Wireless Router",
    "description": "Experience fast and reliable internet with this wireless router.",
    "price": 89.99,
    "imgUrl": "https://example.com/images/wireless_router.jpg"
  },
  {
    "id": "20",
    "name": "Electric Toothbrush",
    "description": "Maintain oral hygiene with this advanced electric toothbrush.",
    "price": 59.95,
    "imgUrl": "https://example.com/images/electric_toothbrush.jpg"
  },
  {
    "id": "21",
    "name": "Wireless Earphones",
    "description": "Enjoy wireless audio with these stylish and comfortable earphones.",
    "price": 99.00,
    "imgUrl": "https://example.com/images/wireless_earphones.jpg"
  },
  {
    "id": "22",
    "name": "Air Purifier",
    "description": "Breathe clean air with this efficient air purifier.",
    "price": 179.00,
    "imgUrl": "https://example.com/images/air_purifier.jpg"
  },
  {
    "id": "23",
    "name": "Compact Camera",
    "description": "Capture memories on the go with this compact camera.",
    "price": 299.00,
    "imgUrl": "https://example.com/images/compact_camera.jpg"
  },
  {
    "id": "24",
    "name": "Portable Charger",
    "description": "Charge your devices on the move with this portable charger.",
    "price": 39.99,
    "imgUrl": "https://example.com/images/portable_charger.jpg"
  },
  {
    "id": 6,
    "name": "Canon EOS R6",
    "description": "Mirrorless camera, 20.1MP full-frame sensor, 4K video recording, In-body image stabilization",
    "price": 2399,
    "imageUrl": "https://example.com/eosr6.jpg"
  },
  {
    "id": 7,
    "name": "Samsung 49-inch QLED Gaming Monitor",
    "description": "Curved 32:9 ultrawide display, 1440p resolution, 240Hz refresh rate, G-Sync/FreeSync support",
    "price": 999,
    "imageUrl": "https://example.com/samsunggamingmonitor.jpg"
  }
]









  